time,open,high,low,close,Upper,Basis,Lower,MA,Volume,Volume MA,RSI,Histogram,MACD,Signal
2019-06-13T13:30:00Z,26,41.68,25.55,39.9,NaN,NaN,NaN,NaN,22046020,NaN,NaN,NaN,NaN,NaN
2019-06-14T13:30:00Z,41.64,44.25,31.49,31.49,NaN,NaN,NaN,NaN,10275750,NaN,NaN,NaN,NaN,NaN
2019-06-17T13:30:00Z,32.81,34.88,31.5405,34.38,NaN,NaN,NaN,NaN,3789132,NaN,NaN,NaN,NaN,NaN
2019-06-18T13:30:00Z,35.26,35.92,31.04,31.15,NaN,NaN,NaN,NaN,3274039,NaN,NaN,NaN,NaN,NaN
2019-06-19T13:30:00Z,31.8,31.8,28.25,28.67,NaN,NaN,NaN,NaN,1902031,NaN,16.99000587889479,NaN,NaN,NaN
2019-06-20T13:30:00Z,29.3,29.4,27.82,28.03,NaN,NaN,NaN,NaN,1378079,NaN,16.17839149094982,NaN,NaN,NaN
2019-06-21T13:30:00Z,27.59,29,27.574,27.75,NaN,NaN,NaN,NaN,1005385,NaN,15.739788199697443,NaN,NaN,NaN
2019-06-24T13:30:00Z,28,29.32,27.07,29.23,NaN,NaN,NaN,NaN,857621,NaN,29.256355106948718,NaN,NaN,NaN
2019-06-25T13:30:00Z,29.57,30.4599,28.05,29.02,NaN,NaN,NaN,NaN,974726,NaN,28.39461529610942,NaN,NaN,NaN
2019-06-26T13:30:00Z,29.95,29.95,28.94,29,NaN,NaN,NaN,NaN,339751,NaN,28.288806930143636,NaN,NaN,NaN
2019-06-27T13:30:00Z,29.06,30.95,28.27,28.79,NaN,NaN,NaN,NaN,826656,NaN,26.886183121754343,NaN,NaN,NaN
2019-06-28T13:30:00Z,28.91,29.875,28.77,29.7,NaN,NaN,NaN,NaN,447232,NaN,43.16734382484168,NaN,NaN,NaN
2019-07-01T13:30:00Z,29.79,30.3299,26.8,27.5,NaN,NaN,NaN,NaN,884179,NaN,25.129375320922293,NaN,NaN,NaN
2019-07-02T13:30:00Z,27.35,27.7,27.07,27.43,NaN,NaN,NaN,NaN,213990,NaN,24.691655113996134,NaN,NaN,NaN
2019-07-03T13:30:00Z,27.71,27.89,27.01,27.27,NaN,NaN,NaN,NaN,246984,NaN,23.44696234027434,NaN,NaN,NaN
2019-07-05T13:30:00Z,27.37,27.4623,27.1,27.25,NaN,NaN,NaN,NaN,186396,NaN,23.251612173613694,NaN,NaN,NaN
2019-07-08T13:30:00Z,27.14,27.3,25.61,26.1,NaN,NaN,NaN,NaN,589676,NaN,14.188590276825408,NaN,NaN,NaN
2019-07-09T13:30:00Z,26.21,26.75,26,26.28,NaN,NaN,NaN,NaN,284634,NaN,20.64385315153767,NaN,NaN,NaN
2019-07-10T13:30:00Z,26.21,26.314,24.46,24.56,NaN,NaN,NaN,NaN,676256,NaN,10.54098399791981,NaN,NaN,NaN
2019-07-11T13:30:00Z,24.42,24.92,23.08,23.15,NaN,NaN,NaN,NaN,415239,2530688.8,6.8674785889758,NaN,NaN,NaN
2019-07-12T13:30:00Z,23.18,23.81,22.14,23.48,35.68945119047619,28.57761904761905,21.465786904761906,NaN,583363,1457555.95,16.00230809626956,NaN,NaN,NaN
2019-07-15T13:30:00Z,23.6,24.49,22.96,23.56,35.05857390228819,28.12147186147186,21.184369820655533,NaN,401630,963849.95,18.58353458387188,NaN,NaN,NaN
2019-07-16T13:30:00Z,23.69,24.13,23.3726,23.78,34.41470644973456,27.726792601338055,21.038878752941553,NaN,207094,784748.05,26.828215246597694,NaN,NaN,NaN
2019-07-17T13:30:00Z,23.69,24.25,23.69,23.97,33.814707761594036,27.38526600121641,20.95582424083879,NaN,170380,629565.1,34.46963156186774,NaN,NaN,NaN
2019-07-18T13:30:00Z,23.79,24.41,23.7,24.34,33.3077729330672,27.108423637469464,20.90907434187173,NaN,243944,546660.75,48.44815466695594,NaN,NaN,NaN
2019-07-19T13:30:00Z,24.51,25.17,24.51,24.88,32.89891042813892,26.905839670426786,20.912768912714657,NaN,195712,487542.4,63.57009425802961,NaN,-2.546032756753018,NaN
2019-07-22T13:30:00Z,24.83,25.19,24.36,25.1,32.5382874350056,26.741672427660713,20.945057420315827,NaN,180442,446295.25,68.57709119458809,NaN,-2.3631541691482347,NaN
2019-07-23T13:30:00Z,25.25,25.4,24.52,24.84,32.18366455162175,26.568793116055193,20.953921680488637,NaN,122859,409557.15,56.36897117590202,NaN,-2.2136834333422293,NaN
2019-07-24T13:30:00Z,24.84,25.86,24.62,25.59,31.960165671845164,26.47981192368654,20.999458175527916,NaN,151139,368377.8,74.10150773252738,NaN,-2.011520510037329,NaN
2019-07-25T13:30:00Z,25.93,26.38,25.6,25.77,31.719310946186454,26.415283566987764,21.111256187789074,NaN,169056,359843.05,77.08208565516043,NaN,-1.8158484702965971,NaN
2019-07-26T13:30:00Z,25.81,25.96,25.1,25.2,31.4484007467149,26.304803242716147,21.161205738717396,NaN,81878,322604.15,51.87490006115225,NaN,-1.6873208212655761,NaN
2019-07-29T13:30:00Z,25.5,25.5,24.5611,25.25,31.20817275692691,26.20891203883286,21.20965132073881,NaN,82746,304379.85,53.647764274956636,NaN,-1.5634051894462253,NaN
2019-07-30T13:30:00Z,25.35,25.35,24.5,24.86,30.93855578413676,26.086283671666237,21.234011559195714,NaN,110761,265708.95,38.78744002879532,NaN,-1.4796148204772592,NaN
2019-07-31T13:30:00Z,25.85,25.85,24.9,25.4,30.751177211226945,26.023894246969306,21.296611282711666,NaN,99583,259988.6,59.49892057702542,0.5387058278018004,-1.354028465068783,-1.8927342928705835
2019-08-01T13:30:00Z,25.66,26.24,25.1,25.88,30.63513006060708,26.010812951790278,21.386495842973478,NaN,194548,257366.8,71.09154371772152,0.5526566544866951,-1.2019134747622147,-1.7545701292489098
2019-08-02T13:30:00Z,25.58,25.86,24.82,25.34,30.467512916950888,25.94982995617298,21.432146995395073,NaN,268061,261450.05,49.73714899684774,0.5139641298192248,-1.1121149669748789,-1.6260790967941037
2019-08-05T13:30:00Z,24.94,24.94,23,23.25,30.257660355703315,25.704390869248165,21.151121382793015,NaN,271832,245557.85,19.503975757280315,0.3442152913412311,-1.1958099826175648,-1.5400252739587958
2019-08-06T13:30:00Z,23.7,24.57,23.6,24.57,30.079140127975098,25.601264426589243,21.123388725203387,NaN,149791,238815.7,46.75770738342145,0.31805510630086276,-1.1424563910827175,-1.4605114973835802
2019-08-07T13:30:00Z,24.5,27.06,24.2,26.85,30.285857938911818,25.71478584235386,21.1437137457959,NaN,341153,222060.55,70.08427166936437,0.44380491292995305,-0.9057553562211389,-1.349560269151092
2019-08-08T13:30:00Z,27.96,27.99,24.06,24.66,30.393369645614982,25.61889622032169,20.8444227950284,NaN,800695,241333.35,44.894093453058844,0.37190046826263834,-0.884684683822794,-1.2565851520854323
2019-08-09T13:30:00Z,24.75,25.182,22.2053,22.46,30.1977735274116,25.33172383665608,20.465674145900564,NaN,362132,230271.8,30.304683431670725,0.1783937048547506,-1.0335930210169941,-1.2119867258717447
2019-08-12T13:30:00Z,23,23.6,21.81,22.38,29.889504059151474,25.063385306050982,20.23726655295049,NaN,285650,224472.8,29.83460016901553,0.053699760136022956,-1.1448620257017161,-1.198561785837739
2019-08-13T13:30:00Z,22.5,22.6587,21,21.77,29.53800807338881,24.76398664186453,19.98996521034025,NaN,321870,230211.6,25.770483327587243,-0.05527273476409711,-1.2676527042928605,-1.2123799695287634
2019-08-14T13:30:00Z,21.93,21.93,21.1,21.41,29.094694414402134,24.45907876533139,19.823463116260648,NaN,245004,233942.8,23.275558440229815,-0.13259841754436796,-1.3781279914592233,-1.2455295739148553
2019-08-15T13:30:00Z,21.17,21.63,21,21.36,28.659716378853485,24.177344332119446,19.694972285385408,NaN,108332,227162.2,22.865614910112413,-0.16594925712361652,-1.452966145319376,-1.2870168881957595
2019-08-16T13:30:00Z,21.2,22.1,21.2,21.68,28.31566735942239,23.950313029199496,19.5849586989766,NaN,69643,220858.75,32.9437847950488,-0.1459984432607473,-1.4695149422716938,-1.3235164990109465
2019-08-19T13:30:00Z,21.7,22.685,21.7,22.62,28.09453436701702,23.82937548109045,19.564216595163884,NaN,55488,214611.05,55.64305492246137,-0.05378532872324482,-1.3907481599150024,-1.3369628311917576
2019-08-20T13:30:00Z,22.57,23.63,22.1957,23.27,27.994254246462507,23.778523164627682,19.562792082792857,NaN,96409,213288.55,66.19399111739565,0.06050189722140731,-1.2613354596649984,-1.3218373568864057
2019-08-21T13:30:00Z,23.58,24.42,23.3,24.28,27.962308236257467,23.824111967843347,19.685915699429227,NaN,156835,213573.35,77.35405310672478,0.20547008622706397,-1.0649997491025758,-1.2704698353296398
2019-08-22T13:30:00Z,24.28,24.67,23.605,23.61,27.859893689602636,23.804647243493953,19.74940079738527,NaN,58341,208037.6,59.87211833728684,0.2543870533715684,-0.9524860186151791,-1.2068730719867475
2019-08-23T13:30:00Z,23.61,23.8,22.8,23.39,27.736234369167278,23.76695203953996,19.79766970991264,NaN,72460,207566.7,54.481460380639945,0.26867481639183266,-0.8710295514969566,-1.1397043678887893
2019-08-26T13:30:00Z,23.3,23.3,22.15,22.23,27.540355155071005,23.62722912685451,19.714103098638013,NaN,73753,207117.05,33.363177497696725,0.19990770875676533,-0.8898197319428327,-1.089727440699598
2019-08-27T13:30:00Z,22.4,22.57,21.305,21.5,27.29616706860206,23.433844660776828,19.571522252951596,NaN,85235,205840.75,25.17506116109486,0.10967426798582425,-0.9526346057173178,-1.062308873703142
2019-08-28T13:30:00Z,21.55,23.3977,21.4001,23.17,27.30228964711985,23.40985878252439,19.517427917928927,NaN,244128,213068,57.208622039877305,0.16362875486703432,-0.8577729301193493,-1.0214016849863836
2019-08-29T13:30:00Z,23.5,23.94,23.15,23.58,27.21704603697456,23.425326165931263,19.63360629488797,NaN,189227,212801.95,62.468343039904276,0.22434585861708778,-0.7409693617150239,-0.9653152203321117
2019-08-30T13:30:00Z,23.5,23.5,22.39,23.39,27.160776478247143,23.422114696301147,19.68345291435515,NaN,157336,207265.7,58.058900157801176,0.24731682081514894,-0.6561691943131756,-0.9034860151283245
2019-09-03T13:30:00Z,23.05,23.47,22.14,22.44,27.035961810611948,23.332831542091952,19.629701273571957,NaN,65875,196967.85,39.48030198556757,0.19635994739345652,-0.6580360808865038,-0.8543960282799603
2019-09-04T13:30:00Z,22.61,22.91,22.15,22.27,26.844429796163244,23.236210492810866,19.627991189458488,NaN,65067,192731.65,36.67980440972513,0.15106801607061815,-0.6655610081916876,-0.8166290242623058
2019-09-05T13:30:00Z,22.46,22.7299,21.48,21.66,26.66323582349699,23.09291862982806,19.52260143615913,NaN,107149,181031.45,27.385848838785293,0.08327695194217388,-0.7125328343345885,-0.7958097862767624
2019-09-06T13:30:00Z,21.74,22.0265,21.4,21.63,26.427353116324923,22.959926027116417,19.49249893790791,NaN,130373,147515.35,26.93826605300292,0.04176202684841945,-0.7436072527162381,-0.7853692795646575
2019-09-09T13:30:00Z,21.78,22.13,20.8624,20.92,26.212604005715665,22.77447820646947,19.336352407223277,NaN,707248,164771.15,17.772461656616258,-0.02459843788101168,-0.8161173269159221,-0.7915188890349104
2019-09-10T13:30:00Z,20.81,20.81,20.1025,20.47,25.926974996505418,22.56498018769952,19.20298537889362,NaN,444814,172729.35,13.803456240806653,-0.08640422289113381,-0.8995241676488277,-0.8131199447576939
2019-09-11T13:30:00Z,20.58,20.6,18.9,19.24,25.646751936598253,22.262709261545016,18.87866658649178,NaN,471520,180211.85,7.6098661598803545,-0.1916961065885835,-1.0527400779934233,-0.8610439714048398
2019-09-12T13:30:00Z,19.39,19.78,19.01,19.4,25.30786075080591,22.002462965040923,18.697065179275935,NaN,150705,175496.9,14.280795712856886,-0.22958119303791302,-1.148020462702231,-0.918439269664318
2019-09-13T13:30:00Z,19.42,19.7,18.75,19.27,25.00384084643676,21.754057240946295,18.50427363545583,NaN,106585,175409.55,13.244777187757578,-0.24121486655366253,-1.2199578528563961,-0.9787429863027336
2019-09-16T13:30:00Z,19.1,20.78,19.1,20.72,24.93508404245292,21.660052037223906,18.38502003199489,NaN,207646,182309.7,58.26855457193153,-0.1344031203220628,-1.146746886705312,-1.0123437663832493
2019-09-17T13:30:00Z,21.1,21.48,20.55,21.08,24.826040991200884,21.607320033839915,18.388599076478947,NaN,119979,185534.25,64.38684374205602,-0.028206249560514873,-1.047601578333893,-1.0193953287733781
2019-09-18T13:30:00Z,21.4,21.4,19.8,20.17,24.713531678466644,21.476654576218106,18.239777473969568,NaN,128489,187138.25,43.093102823119075,-0.008945931578949295,-1.0305777432470649,-1.0216318116681156
2019-09-19T13:30:00Z,20.02,20.02,18.96,19.06,24.469341660175242,21.256958705652824,18.044575751130406,NaN,145606,186576.8,28.02133998055305,-0.05792856150961789,-1.094042513555138,-1.03611395204552
2019-09-20T13:30:00Z,19.1,19.4307,18.25,18.56,24.19769655057154,21.01178064150257,17.825864732433597,NaN,167215,192020.5,23.15699608697362,-0.10805599286695289,-1.1711839431292113,-1.0631279502622584
2019-09-23T13:30:00Z,18.56,18.56,17.83,18.16,23.864947769310444,20.752527855911424,17.640107942512405,NaN,178396,197317.3,19.539011704585477,-0.14964515294963787,-1.2501843914493058,-1.100539238499668
2019-09-24T13:30:00Z,18.3,18.3,17.5338,17.68,23.519509440212914,20.473207141737657,17.4269048432624,NaN,176210,202440.15,15.631465337099257,-0.18846685904855143,-1.3361228123103572,-1.1476559532618058
2019-09-25T13:30:00Z,17.5,18.17,17.11,18.15,23.276818205322357,20.26200649248878,17.247194779655203,NaN,355890,215972.9,33.09893302107392,-0.16246254589992049,-1.3507341356367064,-1.188271589736786
2019-09-26T13:30:00Z,18.14,18.55,17.29,18.44,23.102618788943857,20.096369538626163,17.09012028830847,NaN,129461,210239.55,42.83566996204653,-0.1083066233232386,-1.3236548688908343,-1.2153482455675957
2019-09-27T13:30:00Z,18.28,18.3977,17.75,18.25,22.86554085792808,19.928517762387422,16.991494666846762,NaN,113861,206471.25,38.00393307355618,-0.06973038622399597,-1.3025112283475906,-1.2327808421235946
2019-09-30T13:30:00Z,18.11,18.78,17.96,18.7,22.701856325196122,19.81683432944311,16.9318123336901,NaN,190407,208124.8,54.28696898592428,-0.0019391897477825104,-1.2352048293083229,-1.2332656395605404
2019-10-01T13:30:00Z,18.58,19.35,18.5,18.65,22.549469905838595,19.71075848131192,16.872047056785245,NaN,120156,210838.85,52.25374650242035,0.04870523863603293,-1.1723840912654993,-1.2210893299015322
2019-10-02T13:30:00Z,18.55,19.39,18.46,18.84,22.434776166542736,19.631598619374472,16.828421072206208,NaN,179866,216578.8,59.869106991227895,0.10115277057113681,-1.0946483666876112,-1.195801137258748
2019-10-03T13:30:00Z,18.73,20.06,18.48,20.03,22.506795543054793,19.667816926704067,16.82883831035334,NaN,230861,222764.4,82.79073785124524,0.2155681827832212,-0.9263409087797214,-1.1419090915629426
2019-10-04T13:30:00Z,20.08,20.67,19.33,20.65,22.604466884004392,19.7571062970037,16.909745710003005,NaN,86238,220557.65,87.67933543560218,0.3259586249953248,-0.7344608103187866,-1.0604194353141114
2019-10-07T13:30:00Z,20.66,21.75,20.35,21.59,22.7855049848958,19.92373299727609,17.061961009656383,NaN,222773,196333.9,92.17360226994064,0.4477181713763898,-0.5007717210936242,-0.948489892470014
2019-10-08T13:30:00Z,21.26,21.58,20.9,21.2,22.839182972745952,20.03975727025099,17.24033156775603,NaN,106562,179421.3,76.69691207997975,0.48432288222087094,-0.3430862896939253,-0.8274091719147962
2019-10-09T13:30:00Z,21.15,21.31,20.5,20.63,22.846321131175756,20.093415700228174,17.340510269280593,NaN,116126,161651.6,57.78827440590212,0.45304426314124113,-0.26110384298824485,-0.714148106129486
2019-10-10T13:30:00Z,20.5,20.8,20.28,20.69,22.825179618425906,20.14765063657107,17.47012165471623,NaN,58921,157062.4,59.20002314658389,0.420029913569437,-0.18911071416768976,-0.6091406277371267
2019-10-11T13:30:00Z,20.65,20.87,20.31,20.65,22.803346362285666,20.19331876051915,17.583291158752637,NaN,92551,156360.7,57.49090943259279,0.3803192089918983,-0.1337416164972538,-0.5140608254891521
2019-10-14T13:30:00Z,20.64,20.95,20.13,20.8,22.822069316440064,20.248471600471955,17.674873884503846,NaN,71758,149566.3,62.853093732497925,0.34975159129690125,-0.07687133636802557,-0.4266229276649268
2019-10-15T13:30:00Z,20.71,21.02,20.15,21,22.86105209355885,20.316792364065414,17.772532634571977,NaN,63012,146717.95,69.65748106945755,0.32891081692586155,-0.015484406507599857,-0.3443952234334614
2019-10-16T13:30:00Z,21,21.4909,20.635,21.15,22.907346588494775,20.39253851278674,17.877730437078704,NaN,90148,144800.9,74.35500495670625,0.3113186098658125,0.04475303889880422,-0.2665655709670083
2019-10-17T13:30:00Z,21.13,21.5981,20.965,21.52,22.95792246467958,20.49503501162431,18.03214755856904,NaN,59452,140493.2,83.0072688054463,0.31001508237963654,0.12095328200753741,-0.18906180037209913
2019-10-18T13:30:00Z,21.55,21.55,20.25,20.5,22.980379186637506,20.495486374203917,18.010593561770328,NaN,92321,136748.5,37.05480263769441,0.22957617696210747,0.09790842083053519,-0.13166775613157228
2019-10-21T13:30:00Z,20.45,20.72,20.2,20.61,22.928175572806115,20.505896703821744,18.083617834837373,NaN,31705,129413.95,41.69592342082738,0.17534419967339443,0.08751249346017076,-0.08783170621322367
2019-10-22T13:30:00Z,20.78,21.24,20.72,20.97,22.922520168740814,20.548087912565222,18.17365565638963,NaN,66412,123924.05,55.88848524865354,0.15593591814169744,0.10708819146389814,-0.048847726677799304
2019-10-23T13:30:00Z,21.15,21.8,20.85,21.65,23.011411506481934,20.648261738695656,18.285111970909377,NaN,127924,112525.75,72.65361564270414,0.17943811157357473,0.1754499127891691,-0.003988198784405622
2019-10-24T13:30:00Z,21.81,23.25,21.7001,22.81,23.266830796705925,20.844783398814233,18.42273600092254,NaN,295595,120832.45,85.33277924906648,0.25882723846294775,0.3195458492942791,0.060718610831331316
2019-10-25T13:30:00Z,23.15,24.25,22.9,23.88,23.581709702541826,21.120712180740213,18.6597146589386,NaN,175559,123917.35,90.6592298434422,0.3627499939423888,0.5141561032593174,0.15140610931692852
2019-10-28T13:30:00Z,24.24,24.59,24,24.59,23.855980574683116,21.436101982491103,19.01622339029909,NaN,207395,124766.75,92.93059217264702,0.4528010103729358,0.7174073722830983,0.26460636191016246
2019-10-29T13:30:00Z,24.5,24.74,23.41,24.31,24.144511716906383,21.697365438628275,19.250219160350166,NaN,148211,126169.5,82.39534286143561,0.465225354149992,0.8461380545976525,0.38091270044766046
2019-10-30T13:30:00Z,24.38,24.5,22.56,22.56,24.314259408368493,21.77578676238934,19.23731411641019,NaN,113929,122872.65,42.36866022319652,0.3334711902558601,0.7977516882674855,0.46428049801162546
2019-10-31T13:30:00Z,22.74,23.2,22.23,22.61,24.373145897044047,21.851624329444856,19.330102761845666,NaN,124287,117543.95,43.415819288731655,0.23236724851496415,0.7547395586553307,0.5223723101403666
2019-11-01T13:30:00Z,22.87,23.0728,21.22,21.38,24.40871278811793,21.808749390404415,19.2087859926909,NaN,75113,116987.7,27.203326434121763,0.0735580862696047,0.6143199179773724,0.5407618317077677
2019-11-04T14:30:00Z,21.74,22.66,21.47,22.16,24.453979738016887,21.840681264004015,19.227382789991143,NaN,141447,112921.4,44.672460614504615,0.015011298968165665,0.5595259554179748,0.5445146564498091
2019-11-05T14:30:00Z,22.36,22.58,21.79,22.3,24.45593605940985,21.882437512730924,19.308938966051997,NaN,56405,110413.55,47.67730588333711,-0.018501373419214984,0.5213879396757903,0.5398893130950053
2019-11-06T14:30:00Z,22.3,22.9,22.21,22.64,24.476186398021028,21.951306829755385,19.426427261489742,NaN,108343,110024.4,55.50266652688224,-0.021760656770250852,0.5126884921321917,0.5344491489024426
2019-11-07T14:30:00Z,22.54,22.54,21.885,22.1,24.450364455701614,21.964824390686715,19.479284325671816,NaN,149419,114549.3,42.152395005099606,-0.061996792180914695,0.45695315867629915,0.5189499508572138
2019-11-08T14:30:00Z,22.26,22.3268,21.81,22.03,24.393301888950162,21.97074944607883,19.5481970032075,NaN,112514,115547.45,40.469908872568475,-0.09316445217225561,0.4024943856418943,0.49565883781414993
2019-11-11T14:30:00Z,22.15,22.41,21,22.05,24.436218273195873,21.977954041889845,19.519689810583817,NaN,169275,120423.3,41.361534468581894,-0.11105837684214259,0.3568358667614717,0.4678942436036143
2019-11-12T14:30:00Z,21.63,22.5,21.18,21.78,24.442590821143696,21.95995821989986,19.477325618656025,NaN,137478,124146.6,32.57842063513618,-0.13794855026952557,0.2954585557667073,0.4334071060362329
2019-11-13T14:30:00Z,23,23.75,21.31,22.6,24.64398440888578,22.0181438362726,19.39230326365942,NaN,567893,148033.85,63.74961014843645,-0.09919210459539862,0.30941697529198464,0.40860907988738326
2019-11-14T14:30:00Z,23.5,24.24,21.93,22.77,24.834794941957337,22.086494396611453,19.33819385126557,NaN,419533,166037.9,67.85740876842937,-0.06257670938963084,0.33038819315034473,0.39296490253997557
2019-11-15T14:30:00Z,23.03,23.07,21.71,22.03,24.844501918893936,22.081358542374048,19.31821516585416,NaN,149119,168877.8,40.93504192503658,-0.08715417175456203,0.284022187846773,0.37117635960133505
2019-11-18T14:30:00Z,22.27,22.36,21.065,21.93,24.837913795380633,22.0675986748855,19.297283554390365,NaN,203845,177484.8,38.20397973890073,-0.10775579372243799,0.23648161744828755,0.34423741117072554
2019-11-19T14:30:00Z,22.15,22.9,21.66,22.32,24.86179674560556,22.09054424989591,19.31929175418626,NaN,179518,183140.1,54.120778711032884,-0.09326921236684449,0.2276508957121699,0.3209201080790144
2019-11-20T14:30:00Z,22.55,22.55,21.76,21.96,24.802607539109367,22.078676590814464,19.35474564251956,NaN,339482,193718,41.093698552831746,-0.10520010393400064,0.18941997816151357,0.2946200820955142
2019-11-21T14:30:00Z,21.97,22,20.66,22,24.809315552796175,22.071524173467694,19.333732794139213,NaN,163505,187113.5,43.121959830594555,-0.10729668084310168,0.1604992310416371,0.2677959118847388
2019-11-22T14:30:00Z,21.77,22.54,21.5,22.1,24.792961817664423,22.07411288497063,19.35526395227684,NaN,86750,182673.05,48.977931303183894,-0.09904578315227677,0.14398868294439282,0.2430344660966696
2019-11-25T14:30:00Z,22.41,22.79,21.9492,22.5,24.79229554561241,22.112829895427847,19.433364245243283,NaN,174995,181053.05,67.06345521516202,-0.06537077001702524,0.16132100357538803,0.22669177359241327
2019-11-26T14:30:00Z,22.59,22.75,21.86,22.71,24.81434727740455,22.167118086752588,19.519888896100625,NaN,97110,178498,73.61118755007477,-0.02950207661937959,0.18981417781818877,0.21931625443756836
2019-11-27T14:30:00Z,22.77,23.2,22.625,23.19,24.84288515221418,22.260107351593263,19.677329550972345,NaN,91068,177354.95,83.56719568731013,0.02315928732101366,0.24826536358883544,0.22510607626782178
2019-11-29T14:30:00Z,23.2,23.25,22.01,23.01,24.920924934940206,22.32827941053933,19.735633886138455,NaN,77110,174996.1,70.30484118957281,0.041412933292874377,0.27687224288391477,0.2354593095910404
2019-12-02T14:30:00Z,23.1,23.25,21.03,22.54,25.054570093426197,22.347526736853936,19.640483380281676,NaN,287029,185591.9,45.28430546074914,0.018542090986689935,0.2586369233244028,0.24009483233771287
2019-12-03T14:30:00Z,22,22.01,20.81,22.01,25.080336160974998,22.316842488049033,19.55334881512307,NaN,272773,192158.2,29.49941613036242,-0.0327771775175722,0.19912336044074763,0.23190053795831983
2019-12-04T14:30:00Z,22.24,22.24,21.32,21.51,24.97396333564506,22.243493170953666,19.513023006262273,NaN,165762,197626.05,20.50768460722007,-0.09724789183689117,0.11034067316220586,0.20758856499909703
2019-12-05T14:30:00Z,21.45,22.11,20.76,21.34,24.906448061179116,22.161357428139695,19.416266795100274,NaN,123873,198402.55,18.017950574435616,-0.14530053955327088,0.025962890557508445,0.17126343011077932
2019-12-06T14:30:00Z,21.27,22.05,20.61,20.8,24.80625540769701,22.037597661945178,19.268939916193347,NaN,169633,199413.25,11.89943339624972,-0.2038250282888176,-0.08351785525024269,0.12030717303857491
2019-12-09T14:30:00Z,20.6,20.799,19.32,20.2,24.665931658328528,21.87054332904107,19.07515499975361,NaN,353713,211473.2,7.916700172733783,-0.2692096150552849,-0.21620484578053123,0.053004769274753685
2019-12-10T14:30:00Z,20.2,21.65,20.2,21.54,24.658125677670412,21.84049393549188,19.02286219331335,NaN,526605,229339.7,53.881342002586045,-0.21104655930965632,-0.2108034298623167,0.0002431294473396045
2019-12-11T14:30:00Z,21.66,21.97,20.87,21.6,24.6199467953791,21.818630850447164,19.017314905515228,NaN,229940,233962.8,55.215943548447854,-0.15970083013271957,-0.19938290821855986,-0.039682078085840296
2019-12-12T14:30:00Z,21.41,22.3,21.03,22.15,24.652746694713983,21.84875531858833,19.04476394246268,NaN,201953,215665.8,66.9170984870357,-0.0836850513770448,-0.1442883923071463,-0.0606033409301015
2019-12-13T14:30:00Z,22.18,23.68,22.18,23.3,24.815083201953215,21.98068665326212,19.146290104571023,NaN,307923,210085.3,80.85940493948226,0.04228989723424452,-0.0077409693872958485,-0.05003086662154037
2019-12-16T14:30:00Z,22.5,23.18,22.23,22.9,24.878328735485223,22.064260593874653,19.250192452264084,NaN,417413,223500,67.63939875393442,0.09396070452359882,0.06742001403295816,-0.02654069049064066
2019-12-17T14:30:00Z,22.5,22.95,22.21,22.5,24.86322387821646,22.103873267158775,19.34452265610109,NaN,137794,220197.45,55.533548922249835,0.09613629099081553,0.09362967324787874,-0.0025066177429367772
2019-12-18T14:30:00Z,22.66,23.125,22.25,22.89,24.897042296692785,22.175339333780705,19.453636370868626,NaN,114466,216944.85,63.92669575426507,0.1173720244533048,0.14420841282369423,0.026836388370389427
2019-12-19T14:30:00Z,22.7,23.63,22.68,23.61,24.999646804911713,22.30576303070973,19.61187925650775,NaN,356144,217777.95,75.37021489275307,0.17023339103171656,0.23962812716003512,0.06939473612831856
2019-12-20T14:30:00Z,23.7,24.86,23.2,24.68,25.265063492525883,22.521602755190663,19.778142017855444,NaN,325908,225898.1,84.87656947238236,0.2620941975748946,0.3970124830969368,0.13491828552204221
2019-12-23T14:30:00Z,24.61,24.74,23.3,23.3,25.359471605211205,22.592366141082422,19.82526067695364,NaN,247588,233940,51.016019782218834,0.21663296022575346,0.40570948580423405,0.1890765255784806
2019-12-24T14:30:00Z,23.39,23.73,22.16,22.33,25.372067496691084,22.56851467371129,19.7649618507315,NaN,145354,232457.95,37.132682028527505,0.11315557114650523,0.33052098951161213,0.2173654183651069
2019-12-26T14:30:00Z,22.56,23.71,22.36,23.39,25.461102608376297,22.643195157919354,19.82528770746241,NaN,249851,240095,54.98272856645401,0.10803119096046754,0.3524044070656913,0.24437321610522378
2019-12-27T14:30:00Z,23.48,25.3,23.4206,24.99,25.74490529118438,22.85654105265396,19.968176814123538,NaN,226622,246872.7,71.35277311798416,0.19903651333614514,0.4931688577754052,0.29413234443926006
2019-12-30T14:30:00Z,24.76,24.9,22.95,23.18,25.85534092438972,22.8859464115036,19.91655189861748,NaN,526084,269321.4,46.078962982791396,0.12745154346451848,0.45344677376990816,0.3259952303053897
2019-12-31T14:30:00Z,23.4,23.945,23.01,23.5,25.869942810609096,22.941769465003272,20.013596119397448,NaN,171664,263553.15,50.23424583669599,0.09335186680217333,0.44268506380810635,0.349333197005933
2020-01-02T14:30:00Z,24,24,22.3,22.9,25.908851617679517,22.937972240912064,19.96709286414461,NaN,298685,264848.75,42.119646483344056,0.02560978861044988,0.38134543276899535,0.35573564415854547
2020-01-03T14:30:00Z,22.7,23.7,22.59,23.19,25.90922135705789,22.960883855374604,20.012546353691317,NaN,180115,265566.4,47.57691421702268,-0.002928192511824912,0.3520754035187643,0.35500359603058923
2020-01-06T14:30:00Z,23.19,23.97,22.83,23.5,25.93997774891338,23.009894413976912,20.079811079040446,NaN,265423,272643.9,53.78716489806203,-0.004114769753935099,0.3498601338381704,0.3539749035921055
2020-01-07T14:30:00Z,23.6,24.43,23.03,24.24,26.062277751606814,23.121722194524466,20.181166637442118,NaN,222086,275266.55,66.44062238470364,0.03935515924524796,0.4031688526486654,0.36381369340341746
2020-01-08T14:30:00Z,24.05,25.14,23.5039,25.02,26.270118434667765,23.29429290411315,20.318467373558533,NaN,428030,278982.4,75.76610689341064,0.11099916389145031,0.5025626482677303,0.39156348437628
2020-01-09T14:30:00Z,25.05,26.07,24.11,24.39,26.43802219301202,23.393902640102862,20.349783087193703,NaN,274339,266369.1,58.315015720407196,0.10631054069076035,0.5244516602397304,0.4181411195489701
2020-01-10T14:30:00Z,24.44,24.86,23.38,24.8,26.579462580353315,23.521729672820783,20.46399676528825,NaN,212757,265509.95,65.25851023406169,0.12015195768387066,0.5683310666538084,0.44817910896993773
2020-01-13T14:30:00Z,24.92,26.0395,24.68,25.87,26.792996086361565,23.73520879347344,20.677421500585314,NaN,293767,270100.65,78.00630959800017,0.1867278624371358,0.6815889370163575,0.4948610745792217
2020-01-14T14:30:00Z,25.9,25.9,25.0024,25.5,26.903994160453724,23.895644357703127,20.88729455495253,NaN,73515,258380.25,66.71894318608759,0.1905436770759461,0.7330406709241544,0.5424969938482083
2020-01-15T14:30:00Z,25.51,26.38,25.45,25.69,27.023505505293453,24.058767597911935,21.094029690530416,NaN,185907,246804.95,69.71896378783498,0.19012625594211752,0.7801548137758552,0.5900285578337376
2020-01-16T14:30:00Z,25.94,26.58,25.94,26.45,27.19506941638719,24.276152361738124,21.357235307089056,NaN,109275,245379,79.55030381275898,0.22302013872318516,0.868803731237719,0.6457835925145339
2020-01-17T14:30:00Z,26.66,27.5,26.47,26.95,27.411650424189613,24.51922941976193,21.62680841533425,NaN,247761,252043.75,84.08333907496356,0.25796764915988546,0.9682431539643908,0.7102755048045053
2020-01-21T14:30:00Z,26.87,27.96,26.62,27.96,27.730284844693056,24.83202674523812,21.933768645783186,NaN,290948,248783.95,90.03355407093639,0.32432937547372787,1.115687224146665,0.7913578486729372
2020-01-22T14:30:00Z,28,28,26.4605,26.93,27.94794382415624,25.02275158658011,22.09755934900398,NaN,299619,247469.5,59.6913705032655,0.2759748859141131,1.1363264560655786,0.8603515701514655
2020-01-23T14:30:00Z,26.83,27.1304,25.86,26.25,28.056331278998147,25.134319624163737,22.212307969329327,NaN,240574,247118.8,46.034861321755,0.1799604966593561,1.0853021909756606,0.9053416943163045
2020-01-24T14:30:00Z,26.41,26.8,25.46,25.99,28.138548420510627,25.21210874923976,22.285669077968894,NaN,183797,249040.95,41.226393968970626,0.08550029097163003,1.012217058030842,0.926716767059212
2020-01-27T14:30:00Z,25.75,25.8,25,25.51,28.132346601817922,25.239189772036145,22.346032942254368,NaN,170724,245084.6,32.794463926199526,-0.017268780993518695,0.9051307908173136,0.9223995718108323
2020-01-28T14:30:00Z,25.76,26.17,25.28,25.6,28.12273530164321,25.271990701851042,22.421246102058873,NaN,162514,241879.2,36.06364895143667,-0.0834429373805452,0.8180959000851509,0.9015388374656961
2020-01-29T14:30:00Z,25.72,25.775,25.17,25.61,28.082535105380934,25.302718819864584,22.522902534348233,NaN,125546,221852.3,36.52111615081124,-0.12812638079146743,0.7413808614763617,0.8695072422678292
2020-01-30T14:30:00Z,25.76,25.775,25.21,25.6,28.037724177424934,25.329744381695075,22.621764585965217,NaN,101441,218341.15,36.17599518946966,-0.1579818090510029,0.6720299809540755,0.8300117900050784
2020-01-31T14:30:00Z,25.73,26.09,25.33,26.09,28.059315477127853,25.398858528813705,22.738401580499556,NaN,154159,211114.85,60.538977386194084,-0.14470934938882563,0.6491251032690464,0.793834452657872
2020-02-03T14:30:00Z,25.99,26.92,25.28,25.59,28.125717834112514,25.416235026194276,22.706752218276037,NaN,198229,212020.55,39.84534754611778,-0.16795059467108298,0.5838962093190183,0.7518468039901013
2020-02-04T14:30:00Z,25.83,26.44,25.12,26.44,28.231192957761085,25.509304569267524,22.787416180773963,NaN,128101,205154.45,66.10622372931869,-0.1263229388104461,0.5939431304770437,0.7202660692874898
2020-02-05T14:30:00Z,26.64,26.64,25.31,25.59,28.251415173224085,25.51664051751593,22.781865861807777,NaN,145606,201330.45,41.78451467752069,-0.15442101589952684,0.5272397994130813,0.6816608153126081
2020-02-06T14:30:00Z,25.47,25.645,24.59,25.4,28.223619839541726,25.50603683410539,22.788453828669056,NaN,188881,189373,37.65543879344509,-0.18227726910763853,0.45381422892806,0.6360914980356985
2020-02-07T14:30:00Z,25.33,25.95,25.01,25.72,28.214376607610937,25.5254880310049,22.836599454398865,NaN,105586,180935.35,48.977688866918655,-0.17555922565441484,0.41664246596767995,0.5922016916220948
2020-02-10T14:30:00Z,25.5,27.16,25.5,26.37,28.34096525265955,25.60226184636809,22.86355844007663,NaN,134958,177045.4,65.79939583240801,-0.12606288976108204,0.4346230794207422,0.5606859691818242
2020-02-11T14:30:00Z,26.28,26.71,25.55,26.11,28.380994532993164,25.648419860334627,22.91584518767609,NaN,116858,168199.95,55.959654363158485,-0.11013537988428523,0.42301674432646763,0.5331521242107529
2020-02-12T14:30:00Z,25.94,27.66,25.56,27,28.598742851320992,25.77129078212239,22.943838712923785,NaN,189214,173984.9,73.82481528056226,-0.04244177200596211,0.48009990920330026,0.5225416812092624
2020-02-13T14:30:00Z,26.99,27.74,26.34,27.35,28.757621296404306,25.914809801929444,23.07199830745458,NaN,217732,175576.15,78.4158269986794,0.019784407362331113,0.5472721904121762,0.5274877830498451
2020-02-14T14:30:00Z,27,27.9,26.42,27.9,28.961292585236592,26.095281638117676,23.22927069099876,NaN,240415,182133.15,84.21627495643433,0.08804014941303895,0.6375379698161439,0.5494978204031049
2020-02-18T14:30:00Z,27.67,28,26.76,28,29.13082923104274,26.26843785283425,23.40604647462576,NaN,431198,191305,85.18166241570036,0.12757841572832773,0.7089708400635146,0.5813924243351869
2020-02-19T14:30:00Z,30.76,31.85,28.7,30,29.74625780216909,26.607670775303863,23.469083748438635,NaN,2269142,290214.7,94.36784824380007,0.2680072475861307,0.9164014838178502,0.6483942362317195
2020-02-20T14:30:00Z,31.1,35.13,30.75,35.11,30.919383154650053,27.380609795730784,23.841836436811516,NaN,2003270,375397.25,98.1901019071918,0.6621729116806908,1.476110375832583,0.8139374641518923
2020-02-21T14:30:00Z,33.41,34.51,31.2086,33.71,31.744276389894818,27.956008905209803,24.167741420524788,NaN,588487,392792.9,78.68374911913176,0.7777508736196999,1.786126056176517,1.0083751825568172
2020-02-24T14:30:00Z,31.72,32.99,31.07,32.76,32.2834663061678,28.39273536837255,24.502004430577294,NaN,372852,402245.65,66.69588738654235,0.7396019703940548,1.932877645549386,1.193275675155331
2020-02-25T14:30:00Z,32.73,33.47,31.63,32,32.62326940984065,28.720668516702318,24.818067623563984,NaN,394945,413456.7,57.37221470305782,0.6175395284413749,1.9652000857070497,1.3476605572656748
2020-02-26T14:30:00Z,32,33.39,32,32.9,32.966299069255065,29.100607742456653,25.234916415658237,NaN,286788,419670.4,65.08000354255566,0.5538102454323721,2.03992336405614,1.4861131186237677
2020-02-27T14:30:00Z,31.99,32.47,31.08,32.06,33.246254189660384,29.369643402233322,25.49303261480626,NaN,383860,432586.1,53.12585867683973,0.4176788700547849,2.008211706192249,1.590532836137464
2020-02-28T14:30:00Z,31.09,31.9,30.11,31.48,33.462432847198926,29.561494002030294,25.660555156861662,NaN,369110,445969.55,45.44144821552435,0.2589441154459071,1.914212980444848,1.6552688649989409
2020-03-02T14:30:00Z,31.73,34.415,31.26,34.34,34.049119205036625,29.99590363820936,25.942688071382094,NaN,255837,451053.45,72.03562292996324,0.31330571628307124,2.04690101035278,1.7335952940697088
2020-03-03T14:30:00Z,34.49,34.49,31.32,32,34.37794237543707,30.178094216553962,25.97824605767085,NaN,452756,463779.8,47.02813751642165,0.16581632045271388,1.940865694635601,1.7750493741828872
2020-03-04T14:30:00Z,33,33,31.66,32.93,34.57169428757843,30.428267469594513,26.284840651610597,NaN,345992,474674.35,55.25882194664771,0.10784810000714717,1.9098594991918212,1.802011399184674
2020-03-05T14:30:00Z,32.23,32.9899,31.65,32,34.66083373840394,30.57115224508592,26.481470751767905,NaN,360193,485403.7,45.77546297712005,-0.009917854453100672,1.7896140811182981,1.7995319355713988
2020-03-06T14:30:00Z,31.6,31.975,29.44,30.64,34.746631601722974,30.57741113189629,26.408190662069607,NaN,316833,491801.3,34.29843246079142,-0.18640937483243425,1.566520217030856,1.7529295918632903
2020-03-09T13:30:00Z,28.9,29.46,25.6,27.87,34.84196900891814,30.331282847178446,25.82059668543875,NaN,328287,502936.35,20.404934660585425,-0.4800150064008062,1.1529108338622827,1.6329258402630888
2020-03-10T13:30:00Z,28.5,29.6,27.79,29.55,34.7500772878364,30.26025713379859,25.77043697976078,NaN,206261,506501.5,40.04459303762777,-0.546551546332743,0.9497364073471601,1.4962879536799032
2020-03-11T13:30:00Z,29.18,29.19,27.08,27.16,34.51907762764511,29.978415576180534,25.43775352471596,NaN,352146,518265.9,27.277746651883334,-0.7257698135244195,0.5890756867743789,1.3148455002987984
2020-03-12T13:30:00Z,25.37,28.09,23.79,23.82,34.20371394943775,29.418559614709576,24.633405279981407,NaN,476226,532616.5,17.11216827381118,-1.0251924910579706,0.03335488647633511,1.0585473775343057
2020-03-13T13:30:00Z,24.82,26,24.5,26,33.89864273908748,29.107781467917796,24.31692019674811,NaN,361997,539829.75,37.410976513794836,-1.0296506073828247,-0.228515881694225,0.8011347256885996
2020-03-16T13:30:00Z,25,25,21.97,22.35,33.487948432554404,28.493437698107087,23.49892696365977,NaN,696765,562647.25,24.18749599464776,-1.2187071473766347,-0.7222492085321939,0.49645793884444084
2020-03-17T13:30:00Z,23,24.1202,22.89,23.41,32.97764817394329,28.03130699827917,23.084965822615057,NaN,401185,561146.6,33.31453037968794,-1.2101968701436143,-1.016288148835077,0.19390872130853726
2020-03-18T13:30:00Z,21.9,23.37,20.42,22.92,32.59780098824559,27.566642725708338,22.535484463171088,NaN,368322,466105.6,31.013271989688192,-1.174460757625896,-1.2741672257238328,-0.09970646809793676
2020-03-19T13:30:00Z,24.57,35,21.2,23.32,33.45073502232444,27.180584296098488,20.910433569872538,NaN,957497,413816.95,35.83737383998505,-1.064058810639777,-1.4297799813976582,-0.3657211707578811
2020-03-20T13:30:00Z,24.26,26.29,21,21.69,33.21979810368135,26.68144026918044,20.143082434679535,NaN,381446,403464.9,25.970203532528217,-1.0397698699014786,-1.6654335081347291,-0.6256636382332507
2020-03-23T13:30:00Z,21.79,23.45,20.66,23.24,32.89451809574932,26.36858206289131,19.842646030033304,NaN,361449,402894.75,45.12618578567214,-0.8654181428047265,-1.7074363167391589,-0.8420181739344323
2020-03-24T13:30:00Z,25.18,25.87,23.12,24.11,32.67307645210362,26.16325642081028,19.65343638951694,NaN,214376,393866.3,54.02867030890872,-0.647573322447228,-1.6514848269934674,-1.0039115045462395
2020-03-25T13:30:00Z,24,25.76,23.3301,24.03,32.42949904872162,25.96932401891844,19.50914898911526,NaN,257907,392422.25,52.97494820452047,-0.4730384893240729,-1.5952096162013305,-1.1221711268772576
2020-03-26T13:30:00Z,24.03,25.12,23.59,25.03,32.20040714514966,25.88393092628949,19.56745470742932,NaN,294444,387951.45,64.51074191602422,-0.26479769417688126,-1.4531682445983591,-1.1883705504214779
2020-03-27T13:30:00Z,23.85,26.98,23,26.35,32.368421050519615,25.926300842081357,19.4841806336431,24.30795000000001,432240,391107.95,75.21264567860787,-0.02532180167948761,-1.2200228025208375,-1.19470100084135
2020-03-30T13:30:00Z,25.97,26.7,24.315,24.48,32.18570724109741,25.794818947346688,19.403930653595964,24.23085000000001,203824,388507.3,47.9183301316269,0.017657288642511704,-1.1726293900382103,-1.190286678680722
2020-03-31T13:30:00Z,24.48,25.56,24.39,25.17,31.94993464748036,25.738017224860624,19.526099802240886,24.19925000000001,157952,373767.1,55.80819097274952,0.09855593004306895,-1.067091766126886,-1.165647696169955
2020-04-01T13:30:00Z,23.37,25.31,23.18,24.23,31.745250866653993,25.600924749873293,19.456598633092593,24.14850000000001,387097,375822.35,43.76527613063919,0.09473355005182738,-1.0472307586051706,-1.141964308656998
2020-04-02T13:30:00Z,24.15,25.24,23.2,24.24,31.54751490547682,25.47720431806663,19.40689373065644,24.11395000000001,415085,378566.95,43.93687792811911,0.09842091435004896,-1.0189381657194367,-1.1173590800694857
2020-04-03T13:30:00Z,23.84,24.5,22.52,22.94,31.239940415689325,25.24654938006057,19.253158344431817,24.085300000000007,295454,377498,28.73698437693949,0.022796482377940297,-1.0888634770970604,-1.1116599594750007
2020-04-06T13:30:00Z,23.55,25.2,23.27,23.77,31.062451937883313,25.112317618236883,19.162183298590453,24.06400000000001,440581,383112.7,44.94937570514411,0.03730497685287615,-1.0650287384089054,-1.1023337152617816
2020-04-07T13:30:00Z,24.73,25.06,23.035,23.43,30.843138528796363,24.95937965294262,19.075620777088876,24.04240000000001,368381,391218.7,39.98139005893961,0.032794791950396585,-1.0613402253237858,-1.0941350172741824
2020-04-08T13:30:00Z,25.5,30.33,25.5,30.31,31.788665280544475,25.44579968449329,19.102934088442108,24.047800000000016,1353580,441290.4,84.92745084468011,0.47728928541149485,-0.49752341050981386,-0.9748126959213087
2020-04-09T13:30:00Z,29.55,31.11,28.25,30.41,32.244343570886805,25.897090622266628,19.54983767364645,24.054750000000013,562939,445626.05,85.14306889263246,0.7461384772542805,-0.042139599353458124,-0.7882780766077386
2020-04-13T13:30:00Z,30.39,30.4,28.77,29.86,32.478072205075456,26.25735511115148,20.036638017227503,24.05905000000001,194443,437248.35,77.05911472532631,0.8476209959696034,0.2712481683542656,-0.5763728276153378
2020-04-14T13:30:00Z,30.53,31.58,29.5238,30.35,32.77421335067137,26.629413737410434,20.484614124149505,24.066850000000013,579229,431371.55,79.38423837641945,0.9033199157413979,0.5527770670614096,-0.3505428486799883
2020-04-15T13:30:00Z,30.21,31.65,29.11,31.51,33.19743636265626,27.07310339764585,20.94877043263544,24.075900000000015,508986,436761.6,84.38100976348714,0.9681017192055853,0.8595843003269934,-0.10851741887859193
2020-04-16T13:30:00Z,32.49,32.6345,30.13,30.47,33.48294952730701,27.381912179678043,21.28087483204908,24.090750000000018,515769,444133.95,65.42496648326852,0.8925751689752393,1.0072015423404572,0.11462637336521794
2020-04-17T13:30:00Z,31.11,31.99,29.68,31.99,33.858841013899394,27.800829254252765,21.742817494606136,24.113550000000014,422234,417370.8,75.95242007415892,0.8944041474521962,1.2326315576804632,0.33822741022826697
2020-04-20T13:30:00Z,31.5,37.3,31.5,36.28,34.96262653902744,28.571662958411604,22.180699377795765,24.15860000000001,1291111,462854.05,88.79324664564433,1.1193585954267804,1.7374256545117426,0.6180670590849622
2020-04-21T13:30:00Z,36.44,37.6,33.36,34.94,35.69152038528971,29.150602689465096,22.609684993640485,24.197050000000008,690414,479302.3,72.63927405595038,1.1105265891859932,2.0062252955674538,0.8956987063814605
2020-04-22T13:30:00Z,34.37,37.48,34.37,36.96,36.423207609822875,29.860547899513723,23.29788818920457,24.251350000000006,743488,505757.9,79.96528894259086,1.1675209866947787,2.355099939749934,1.1875789530551553
2020-04-23T13:30:00Z,37.27,37.84,35.87,36.09,36.888085260458425,30.42686172683066,23.965638193202896,24.30040000000001,476131,516669.1,69.30835249110913,1.0756922933813085,2.532194319781791,1.4565020264004824
2020-04-24T13:30:00Z,36.19,38.99,36.16,37.7,37.55231662351752,31.0880561153006,24.623795607083682,24.366100000000007,535623,528728.05,76.90331818705192,1.0512140677070616,2.7705196110343095,1.719305543327248
2020-04-27T13:30:00Z,38.1,38.56,37.37,37.94,37.994898684072936,31.710960104818728,25.42702152556452,24.440050000000006,511050,532668.55,77.98606614760217,0.9804068704626392,2.944814131405547,1.9644072609429077
2020-04-28T13:30:00Z,37.48,40.23,37.39,39.19,38.67986194566173,32.39087282256248,26.101883699463233,24.518600000000006,537488,549351.75,83.39258131356603,0.9464946965444012,3.1475256316234095,2.2010309350790083
2020-04-29T13:30:00Z,40,42.98,39.64,41.95,39.655469263289845,33.25988438414771,26.864299505005572,24.610550000000003,619708,572439.55,90.36151516701224,1.0316927601606913,3.4906468852798724,2.458954125119181
2020-04-30T13:30:00Z,41.4,41.49,38.81,39.23,40.230083957066185,33.80262216740701,27.37516037774783,24.687800000000003,444583,575313.85,58.24533365932318,0.835008355625777,3.5027145696514026,2.6677062140256256
2020-05-01T13:30:00Z,37.25,40.36,36.91,39.51,40.812509735413386,34.321474697642735,27.830439659872088,24.765500000000003,852945,597206.85,60.18750549902752,0.6615058410215702,3.4945885153025884,2.8330826742810182
2020-05-04T13:30:00Z,39.25,42.71,38.65,42.25,41.6591878563399,35.04224972512976,28.425311593919616,24.855050000000002,927789,628823.6,75.22396759119134,0.66711232180384,3.666973076535818,2.999860754731978
2020-05-05T13:30:00Z,42.85,42.9,39.6,42.23,42.35109883611896,35.695681568299776,29.040264300480594,24.941799999999997,849181,649253.6,74.94847669370918,0.607029713928533,3.7586478971426445,3.1516181832141115
2020-05-06T13:30:00Z,42.98,46.25,42.66,45.01,43.31164471109599,36.54243778936343,29.77323086763088,25.041349999999998,1221422,691905.65,85.07720230414186,0.6862300026603352,4.00940568653953,3.323175683879195
2020-05-07T13:30:00Z,49.51,54,45.77,46.42,44.850476011028064,37.440397990330396,30.030319969632725,25.14925,2116575,730055.4,88.28134291443726,0.7595840462034493,4.272655741633507,3.5130716954300576
2020-05-08T13:30:00Z,47.82,49.94,47.23,48.81,45.9083581927397,38.47399817302763,31.039638153315565,25.265349999999998,1235587,763687.8,92.11005563211495,0.8862385012004999,4.6208698219306825,3.7346313207301827
2020-05-11T13:30:00Z,49.97,52.24,48.72,52.24,47.18293861762969,39.72545288457057,32.267967151511456,25.397699999999997,924553,800193.3,95.14520808675697,1.1040116392373234,5.114645869776837,4.010634230539513
2020-05-12T13:30:00Z,54,55.88,51.01,54.56,48.69820115598626,41.07404807688234,33.44989499777842,25.5445,955757,819019.7,96.39565556874821,1.2941263021102793,5.628292108177362,4.334165806067083
2020-05-13T13:30:00Z,54,55.6033,49.28,54.54,50.236820123585076,42.29822552443849,34.35963092529191,25.690949999999997,905581,838849.45,96.11111173099732,1.3046561348561685,5.964985974637294,4.6603298397811255
2020-05-14T13:30:00Z,52.57,57,52.5,57,51.67745961880663,43.634750476762264,35.5920413347179,25.85165,578559,841988.95,97.37963288117555,1.357367915014125,6.357039733548781,4.999671818534656
2020-05-15T13:30:00Z,56.47,59.8,56.47,59.04,53.05173641285643,45.03522770614751,37.01871899943859,26.01985,909015,866328,98.07420353383606,1.4038581491428443,6.754494504963212,5.350636355820368
2020-05-18T13:30:00Z,62.63,65.86,58.56,59.15,54.73530187777896,46.31838882377046,37.901475769761966,26.1862,1084750,856009.95,98.11021720813604,1.3176439759960168,6.9976913258153886,5.680047349819372
2020-05-19T13:30:00Z,60.69,63.72,59.44,63.3,56.36792218560029,47.86217165797315,39.35642113034601,26.375999999999998,659483,854463.4,99.0262365725255,1.4075929253690926,7.439538506530738,6.031945581161645
2020-05-20T13:30:00Z,65,66.7362,63.8801,65.75,57.95721694481529,49.488337870884685,41.019458796954076,26.5885,559678,845272.9,99.2951651067512,1.4915440170373744,7.896375602458363,6.404831585420989
2020-05-21T13:30:00Z,64.86,65.29,59.115,60.92,59.30407185779445,50.52757988262244,41.75108790745043,26.77025,1085547,875743.7,57.53092603872385,1.0993427896305068,7.779010072459123,6.679667282828616
2020-05-22T13:30:00Z,60.71,61.8,58.87,59.78,60.041201341508895,51.36870898420222,42.69621662689555,26.9349,550500,876487.55,50.80599426225869,0.6622399045485521,7.507467163514306,6.845227258965754
2020-05-26T13:30:00Z,60.85,63.48,60.59,62.36,61.02386236056249,52.36791725836566,43.71197215616883,27.123399999999997,604827,881176.4,63.63348684142758,0.45579951654167594,7.4149766546428495,6.9591771381011736
2020-05-27T13:30:00Z,59.38,60.4,52.5,58.15,62.193746955584814,52.89356114396878,43.59337533235275,27.301849999999995,1281248,918364.4,40.60009956582621,-0.029604937326705105,6.922170966442792,6.951775903769497
2020-05-28T13:30:00Z,57.29,62.91,56.51,60.74,63.149907873545324,53.606873767244345,44.063839660943366,27.49364999999999,562128,915485.4,54.1989917787287,-0.2303853700796843,6.663794191169892,6.894179561249576
2020-05-29T13:30:00Z,60.98,66.1,60.6,65.12,64.33141123163432,54.65352160658577,44.97563198153722,27.71039999999999,1849624,985737.45,69.79254376453206,-0.12748502532807926,6.734823279589477,6.862308304917557
2020-06-01T13:30:00Z,63.68,68.68,62.6185,68.57,65.78514017269997,55.91865600598706,46.05217183927415,27.94619999999999,713137,978747.05,77.74877856123577,0.10130247819229687,6.988936402657927,6.88763392446563
2020-06-02T13:30:00Z,69,69.74,65.89,69.61,66.97247522915205,57.16332364180642,47.3541720544608,28.18744999999999,538405,959277.85,79.87887238226,0.24296873636167948,7.1913448449177295,6.94837610855605
2020-06-03T13:30:00Z,70,73.5,69.3151,70.37,68.15436185712288,58.36393058346038,48.57349930979788,28.430899999999987,762067,954922.15,81.59554264276123,0.3041799856517944,7.3286010906207935,7.024421104968999
2020-06-04T13:30:00Z,69.76,70.2503,64.21,67.27,69.15779351832221,59.17357325769125,49.1893529970603,28.65414999999999,625732,925137.65,55.73452094372871,0.06472532916157103,7.105327766420963,7.040602437259392
2020-06-05T13:30:00Z,64.94,66.958,62.35,63.89,69.63826338291763,59.602339325173865,49.5664152674301,28.85724999999999,759000,857258.9,38.154517589033,-0.36864475141863196,6.579796497986102,6.948441249404734
2020-06-08T13:30:00Z,62,62.57,57.75,60.09,69.86255216878848,59.64667211379442,49.430792058800364,29.036299999999994,1345520,862755.55,25.905671682602048,-0.9268024901640359,5.789938136699689,6.716740626863725
2020-06-09T13:30:00Z,60,62.5,59.86,60.22,69.71105954976417,59.698792830722205,49.68652611168024,29.219349999999995,652835,849169.65,26.975019885592218,-1.2809993753803726,5.11549140763826,6.396490783018632
2020-06-10T13:30:00Z,59.29,61.5,59.05,61.19,69.63234923221167,59.83435711883837,50.03636500546507,29.40834999999999,597089,831236.25,36.14366726829084,-1.4322634686745435,4.606161447175452,6.038424915849996
2020-06-11T13:30:00Z,58.29,61.5,58.02,60.3,69.58096649306573,59.876688289853064,50.1724100866404,29.598699999999994,588958,815405.1,31.33119930551561,-1.5638401422694939,4.083624738013128,5.647464880282622
2020-06-12T13:30:00Z,61,61.8,59.545,60.08,69.37894803279623,59.89517117259369,50.41139431239115,29.791599999999995,440626,808508.45,30.01405975885359,-1.6298575131812774,3.6101429888060252,5.240000501987303
2020-06-15T13:30:00Z,60.75,65.69,59.6,63.97,69.95027859519149,60.26561015690336,50.58094171861522,29.995599999999996,1011683,813641.85,64.85073400992762,-1.3853174703448525,3.508353664056237,4.89367113440109
2020-06-16T13:30:00Z,66.16,66.3123,62.3072,63.53,70.2149844778056,60.562372869912146,50.90976126201869,30.195349999999994,711824,794995.55,60.32232379639328,-1.23211831579136,3.3535232396618895,4.5856415554532495
2020-06-17T13:30:00Z,64.78,65.78,61.67,62.31,70.35456864250264,60.721248063556494,51.08792748461035,30.389949999999995,477217,785882.25,47.94515116585023,-1.191170344182023,3.096678625225721,4.287848969407744
2020-06-18T13:30:00Z,63.86,69.1,63.02,68.29,71.31140744898275,61.40931642141499,51.50722539384723,30.619199999999996,1326177,824207.2,77.763685199509,-0.760523702059797,3.3371943418329977,4.097718043892795
2020-06-19T13:30:00Z,69.2,69.41,65.911,66.75,71.70028885091799,61.89483311037726,52.08937736983654,30.841599999999993,756189,807739.3,64.98228702781572,-0.586372136121529,3.3647528737408834,3.9511250098624124
2020-06-22T13:30:00Z,67.83,73.41,66.9,71.37,72.80831262380167,62.756211918524784,52.7041112132479,31.090149999999994,902279,825328.25,78.87251404745803,-0.18766275783237063,3.716546562571949,3.90420932040432
2020-06-23T13:30:00Z,72.47,72.96,68.25,69.02,73.40371929892258,63.32564719865889,53.247575098395195,31.327099999999994,506346,820404.2,62.15225266076737,-0.11348729303910554,3.762350204105438,3.8758374971445435
2020-06-24T13:30:00Z,67.99,69.93,65.33,69.38,73.9670639557419,63.87604290787172,53.785021860001535,31.569399999999995,541388,783411.2,63.723054724986014,-0.07340726894914162,3.7840784109581165,3.857485679907258
2020-06-25T13:30:00Z,69.44,76.37,69.41,74.01,75.15673654192425,64.79731173442883,54.437886926933416,31.837099999999996,1140156,812312.6,78.80651596004348,0.21587006687066568,4.12732326349559,3.9114531966249246
2020-06-26T13:30:00Z,74.02,75.6,70.31,72.44,75.92500615532055,65.49210157675348,55.05919699818642,32.1031,623781,751020.45,66.33617988835024,0.25001352675880195,4.223970105073427,3.973956578314625
2020-06-29T13:30:00Z,71.9,72.46,68.125,70.59,76.35611077230729,65.95554688795771,55.55498300360813,32.359049999999996,482443,739485.75,53.127821345357184,0.10401538212182881,4.103975805966911,3.9999604238450823
2020-06-30T13:30:00Z,71,75.19,69.91,73.82,77.14151039406073,66.67049717087065,56.19948394768057,32.63179999999999,758480,750489.5,67.9729708775833,0.17671809378142544,4.220858041071864,4.0441399472904385
2020-07-01T13:30:00Z,74.47,76,71.88,75.2,77.8597286362972,67.44590651897332,57.03208440164943,32.90419999999999,730144,748893.35,72.86810756817836,0.26422161460252,4.374416965543588,4.110195350941068
2020-07-02T13:30:00Z,75.95,77.97,73.75,76.5,78.63907460950497,68.26900592633937,57.89893724317377,33.18129999999999,764627,755838.1,77.23792270773325,0.3507072891009333,4.548579462317235,4.197872173216302
2020-07-06T13:30:00Z,77,80.85,76.58,78.35,79.52778725033637,69.1854599330358,58.84313261573523,33.472199999999994,839897,759882.95,82.56578027671401,0.4663216575222986,4.780774245119176,4.314452587596877
2020-07-07T13:30:00Z,78.65,84,78.65,82.47,80.84833807681233,70.39314539366892,59.93795271052551,33.789249999999996,989241,742069,89.71452015082156,0.7379358862231111,5.2368724453757665,4.498936559152655
2020-07-08T13:30:00Z,84,84.99,81.28,82.54,81.85223126823387,71.49740490333538,61.1425785384369,34.10914999999999,1399803,779417.4,89.80918212988375,0.8329458948224993,5.54011892768078,4.707173032858281
2020-07-09T13:30:00Z,83.86,86.05,83.2828,85.46,83.00454255401772,72.76673173030488,62.52892090659205,34.44564999999999,881326,793629.25,93.25953980935434,0.9922651077056441,5.947504417490336,4.955239309784692
2020-07-10T13:30:00Z,86.24,86.4,83.08,84.56,83.94485733584783,73.83884702754989,63.73283671925195,34.78004999999999,484297,788396.2,81.86834028267332,0.9374952588771484,6.1271083833811275,5.189613124503979
2020-07-13T13:30:00Z,85.97,88,78.2,79.37,85.01645083814296,74.34167911595445,63.66690739376593,35.086149999999996,989339,815831.85,42.21844667327685,0.475495140632062,5.783982050294057,5.308486909661995
2020-07-14T13:30:00Z,78.73,83,75.65,82.62,86.04820300100393,75.09425374177677,64.14030448254961,35.40705,679755,799235.45,58.85594082932062,0.32000712150822785,5.70849581154728,5.388488690039052
2020-07-15T13:30:00Z,84.17,84.3,79.08,82.55,86.7636671982818,75.7720488561607,64.7804305140396,35.72855,545871,790937.8,58.373253367550234,0.15218188204635386,5.578716042596994,5.4265341605506405
2020-07-16T13:30:00Z,80.83,83.3599,79.08,80.59,87.13681307385448,76.21004441469154,65.28327575552859,36.038,498613,792007.6,44.690157625616294,-0.13554064964888202,5.257108348489538,5.39264899813842
2020-07-17T13:30:00Z,78.91,81.34,78.07,80.19,87.32866204372759,76.57185855881049,65.81505507389339,36.345699999999994,654657,758431.6,42.01054834260042,-0.3834651106558855,4.913317609818563,5.296782720474448
2020-07-20T13:30:00Z,80.87,89.15,80.7583,87.54,88.77353707373145,77.56896232619135,66.36438757865126,36.6892,1010310,771137.65,76.51310500307144,-0.09798741290942026,5.1742984543376735,5.272285867247094
2020-07-21T13:30:00Z,89.9,89.99,84.25,84.65,89.49871659289612,78.21269302381032,66.92666945472452,37.012299999999996,646608,758354.1,58.321206777341395,-0.14641833277675165,5.0892629512761545,5.235681284052906
2020-07-22T13:30:00Z,85.27,87.25,84.73,85.93,89.94143168917334,78.9142663852821,67.88710108139087,37.338699999999996,272351,746654.35,63.45274758949369,-0.13514450131432731,5.066750657409997,5.201895158724325
2020-07-23T13:30:00Z,86.46,88.03,79.04,81.79,90.64097319378924,79.17569671389282,67.7104202339964,37.6397,581589,748664.4,41.44637996667482,-0.43262359750236623,4.661115661846367,5.093739259348733
2020-07-24T13:30:00Z,80.37,81.595,76.195,80.69,90.83213586794244,79.31336064899347,67.79458543004449,37.937149999999995,459473,714630.25,36.911268345637424,-0.7130369667252774,4.202443050942136,4.915480017667414
2020-07-27T13:30:00Z,81.62,86.19,81.41,85.34,91.42078478120087,79.86123695363042,68.30168912605998,38.2607,636839,715283.15,60.97775286528506,-0.5994774142974455,4.166133249795607,4.765610664093052
2020-07-28T13:30:00Z,84.19,91.06,84.0801,88.54,92.40715501007743,80.65021541239129,68.89327581470515,38.59995,722999,727310.95,71.09512487523664,-0.3361055287359074,4.345478753173168,4.681584281909076
2020-07-29T13:30:00Z,90.16,91.7876,87.65,91.39,93.26695908265421,81.62655946581026,69.98615984896631,38.95365,524104,715592.15,77.89953489964168,-0.014210694404932056,4.66382091390291,4.678031608307842
2020-07-30T13:30:00Z,91,92.8,90.815,91.57,93.82928204989533,82.53050860528205,71.23173516066878,39.3075,1030956,730632.75,78.32913270360393,0.15713015796907648,4.874444305769188,4.717314147800112
2020-07-31T13:30:00Z,93.23,93.87,91,93.43,94.58960807326473,83.52137145934732,72.45313484542991,39.669650000000004,400473,712425.05,82.9069576676358,0.33198026435851347,5.1322894782482535,4.80030921388974
2020-08-03T13:30:00Z,95,105.96,94.6242,102.17,97.10037905421977,85.21670132667938,73.333023599139,40.07475,1226354,731747.9,92.64337069028917,0.9381728485665857,5.973025274597973,5.034852426031387
2020-08-04T13:30:00Z,103.79,104.32,99.39,104.22,98.7902765310024,86.94427393334489,75.09827133568737,40.48825,837319,724151.8,93.75572427149912,1.3538664677940728,6.727185510773978,5.373319042979905
2020-08-05T13:30:00Z,115,124.8,115,122.87,103.69715626617783,90.21024903031353,76.72334179444924,41.0001,2272757,767799.5,97.79674953778921,2.6846551637630194,8.72913799768368,6.04448283392066
2020-08-06T13:30:00Z,125.5,126.33,117.24,120.06,106.74246488422506,92.92386275483048,79.1052606254359,41.49735,961149,771790.65,86.54505410251161,3.143599645333911,9.973982390588048,6.830382745254138
2020-08-07T13:30:00Z,115.87,116.62,105.15,108.89,109.13340323368487,94.37532977711862,79.61725632055237,41.936949999999996,1927605,843956.05,53.76175880987208,2.4913498666633727,9.944570078583354,7.453220211919981
2020-08-10T13:30:00Z,116,116.02,105.3484,106,110.63081174735709,95.43211797919875,80.23342421104041,42.3587,1013440,845161.1,47.54835910942274,1.6995490303890985,9.577656499906354,7.878107469517255
2020-08-11T13:30:00Z,104.44,109.2,102.4166,104.87,111.49184655682498,96.29010725381704,81.0883679508091,42.769000000000005,827921,852569.4,44.84625931083793,0.970233275283821,9.090899063622032,8.120665788338211
2020-08-12T13:30:00Z,104.92,107.3,104.01,105.13,111.92408082235205,97.0937338671064,82.26338691186074,43.175250000000005,446508,847601.25,45.79133844885124,0.4048090903520034,8.626677151278216,8.221868060926212
2020-08-13T13:30:00Z,106.07,112.3,106.07,110,113.15938503136965,98.26703078827855,83.37467654518744,43.60230000000001,857480,865544.6,62.037279706079126,0.26502622498892414,8.553150842162367,8.288124617173443
2020-08-14T13:30:00Z,110,110.51,106.24,107.4,113.73799523384648,99.09730071661686,84.45660619938724,44.01775000000001,361460,850884.75,51.129613747184706,-0.07796725562255169,8.190665547645253,8.268632803267804
2020-08-17T13:30:00Z,108.17,112.75,107.8,111.16,114.710642615931,100.19390974237896,85.67717686882693,44.460750000000004,632520,831995.25,63.50301945338086,-0.12429088297733237,8.113269199546139,8.237560082523471
2020-08-18T13:30:00Z,113.11,116.19,111.37,115.93,115.98885185316462,101.62446340216269,87.26007495116076,44.927350000000004,807245,840027.1,74.44663540423979,0.08249989185074114,8.340684947336896,8.258185055486155
2020-08-19T13:30:00Z,116.47,117.4699,112.44,114.03,116.97152726698955,102.75223945651153,88.53295164603351,45.39060000000001,625625,857690.8,64.21968728774834,0.011245704598806583,8.272242186234664,8.260996481635857
2020-08-20T13:30:00Z,114.46,123.61,114,121.97,119.07113032109345,104.49930859682867,89.92748687256389,45.88965000000001,1378260,897524.35,79.73282875834539,0.39739376470912546,8.757738687522263,8.360344922813137
2020-08-21T13:30:00Z,118,119.225,115.655,118,120.28117677347305,105.72664417893516,91.17211158439727,46.368150000000014,1473381,948219.75,61.85422076516627,0.2890160558789745,8.721614992661856,8.432598936782881
2020-08-24T13:30:00Z,120.92,121.3,110.5102,113.09,121.41354977651395,106.39604016266833,91.37853054882271,46.82040000000002,1088588,970807.2,45.15679946675111,-0.18428681582618012,8.202240417000155,8.386527232826335
2020-08-25T13:30:00Z,113.02,117.8,110.7,116.96,122.41950454201897,107.3564001478803,92.29329575374162,47.29470000000001,508215,960068,57.277004571681104,-0.3007672759657076,8.0105681378692,8.311335413834907
2020-08-26T13:30:00Z,118.66,120.365,116.765,117.78,123.03552812885442,108.30400013443663,93.57247214001885,47.77345000000001,643418,966033.7,59.78766563265193,-0.3814506283224066,7.8345221284318995,8.215972756754306
2020-08-27T13:30:00Z,117.81,118.41,111,113.83,123.6303189913576,108.80636375857875,93.98240852579991,48.23235000000002,652201,947095.95,43.40490236317786,-0.7390083456413628,7.292212324702604,8.031220670343966
2020-08-28T13:30:00Z,113,116,112.43,114.29,123.80542874680903,109.3048761441625,94.80432354151598,48.69490000000002,353270,944735.8,45.71461501629326,-0.9682415376512576,6.820918748279894,7.7891602859311515
2020-08-31T13:30:00Z,116,121.5,113.78,120.65,124.97344399504917,110.33625104014773,95.69905808524629,49.185150000000014,686933,917764.75,69.02129520125388,-0.7262955856979074,6.881290803808767,7.607586389506674
2020-09-01T13:30:00Z,123.9,127.32,122.41,125.31,126.3523275693045,111.69750094558884,97.04267432187318,49.69785000000001,1380789,944938.25,78.17533236042337,-0.3085415350991605,7.221909470632724,7.5304510057318845
2020-09-02T13:30:00Z,124.49,125.29,105.25,117.04,128.2894461289658,112.18318267780803,96.07691922665026,50.172900000000006,2533263,957963.55,46.006864342869356,-0.6269528964689419,6.746759885145707,7.373712781614649
2020-09-03T13:30:00Z,112.01,120.42,105.7,116.59,129.50024381642595,112.58380243437094,95.66736105231591,50.64620000000001,3453801,1082596.15,44.673179407377624,-0.8896037429290278,6.261708102953364,7.151311845882391
2020-09-04T13:30:00Z,120,120.94,103.1301,111.28,130.4843750661039,112.46527494033721,94.44617481457053,51.091000000000015,1810806,1076756.2,30.680214458397714,-1.4116626467983924,5.386733537384401,6.798396184182794
2020-09-08T13:30:00Z,109.87,113.57,104.1101,107.46,130.18485839887225,112.0102499457611,93.83564149264997,51.51850000000001,1215846,1086876.5,23.592020421525717,-1.9706405212700604,4.3350955325952185,6.305736053865279
2020-09-09T13:30:00Z,112.09,119.65,109.46,118.81,131.24363137789732,112.628409041601,94.01318670530469,52.002550000000014,1151246,1103042.75,60.10586202342746,-1.550850498947458,4.367172930180956,5.918023429128414
2020-09-10T13:30:00Z,120.12,129.55,120.12,124.55,132.59168750095844,113.7121900378191,94.83269257467975,52.51480000000001,2261558,1193795.25,69.82826915672344,-0.8940761994648625,4.800428179797336,5.694504379262199
2020-09-11T13:30:00Z,127.905,131.09,123.68,124.46,133.46366601659165,114.68926367074464,95.91486132489763,53.0246,1169947,1209418.6,69.47430581398122,-0.49321313979908155,5.077987954513347,5.571201094312428
2020-09-14T13:30:00Z,129.09,129.66,124.5,126.7,134.21867483524983,115.78114879158603,97.34362274792223,53.54455000000001,754672,1229079.2,73.86985440748322,-0.12394490220086674,5.4162699665613445,5.540214868762211
2020-09-15T13:30:00Z,128.63,128.7449,124.0801,126.91,134.85221115081865,116.79286253780549,98.73351392479233,54.06315000000001,734777,1234192.05,74.33186492853659,0.07689529977082721,5.636333993475745,5.559438693704918
2020-09-16T13:30:00Z,127.4,131.39,126.19,127.33,135.5073066138617,117.75078412527772,99.99426163669376,54.58475000000001,939243,1240791.95,75.48761603818735,0.17486614620425023,5.778021376460231,5.603155230255981
2020-09-17T13:30:00Z,124,124.76,116.52,123.49,136.34171910734543,118.27253102297975,100.20334293861407,55.0895,985560,1258788.7,48.73637649200047,-0.06903712334452727,5.516858826075321,5.585895949419848
2020-09-18T13:30:00Z,125.58,126.49,119.6,123.43,136.68835668132553,118.7413918390725,100.79442699681948,55.596599999999995,969551,1238353.25,48.37919773222763,-0.27304653436826687,5.244587781459515,5.517634315827782
2020-09-21T13:30:00Z,121.21,126.71,115.73,126.52,137.71731407576144,119.44853803552046,101.17976199527948,56.12165,929259,1211147.15,65.66039027419112,-0.23970876799647023,5.217998355832194,5.457707123828664
2020-09-22T13:30:00Z,127.5,133.59,122.5,133.07,139.27390136931734,120.68685275956405,102.09980414981074,56.680299999999995,867689,1200102.2,82.35531422232638,0.16200145176614278,5.660208938536343,5.4982074867702
2020-09-23T13:30:00Z,133.07,142.785,132.0838,133.5,140.70019252664147,121.85168432687641,103.00317612711135,57.2438,1472144,1248298.65,83.07554181617037,0.38260873859695543,5.976468410016395,5.593859671419439
2020-09-24T13:30:00Z,129.6,131.29,125.49,125.88,141.02706931858162,122.21789484261491,103.4087203666482,57.77219999999999,1005211,1266388.3,42.28940102951854,-0.0364646193402125,5.548278897244174,5.584743516584386
2020-09-25T13:30:00Z,127.66,136.19,126.5,135.4,142.43441039680437,123.41626803874082,104.39812568067728,58.34149999999999,676670,1267611.75,68.25293240914176,0.2594089732427243,5.909004733137792,5.6495957598950675
2020-09-28T13:30:00Z,139.18,143.84,135,142.66,144.22535760566907,125.16569821703712,106.10603882840518,58.94679999999998,803271,1290111.8,78.21743473586646,0.8430681152054573,6.703430903901889,5.860362788696432
2020-09-29T13:30:00Z,143.16,145.949,137.68,141.38,145.67774649816806,126.63972565185192,107.60170480553577,59.54294999999998,802658,1295898.05,72.84277973311475,1.0295849157416024,7.147343933373435,6.117759017631832
2020-09-30T13:30:00Z,140.33,143.1625,136.28,138.98,146.63042791375955,127.76156877441083,108.89270963506212,60.121349999999985,923026,1273009.9,62.16390860041633,0.8835806559464068,7.222234837564841,6.338654181618434
2020-10-01T13:30:00Z,141.64,152.67,140.18,149.77,149.19946300122507,129.7623352494644,110.32520749770373,60.75569999999999,1322078,1212450.65,79.86151583900414,1.3765535488081273,8.059346117628593,6.6827925688204655
2020-10-02T13:30:00Z,146.07,158.71,146,153.01,151.74909527175268,131.8757593176949,112.00242336363712,61.40824999999999,1452958,1112408.5,83.03800587442672,1.759221682458504,8.881819671893595,7.122597989435091
2020-10-05T13:30:00Z,158.2,158.74,152.18,157.92,153.87326132731013,134.2434175615408,114.61357379577149,62.08339999999999,848816,1064309,87.13743598883332,2.1552587106056773,9.816671377692188,7.661412667086511
2020-10-06T13:30:00Z,158.5,161.56,151.1448,154.36,155.88320136966587,136.0721977832189,116.26119419677194,62.73714999999999,841334,1045583.4,70.6342079500812,1.9934663042881642,10.153245547446716,8.159779243158551
2020-10-07T13:30:00Z,155.46,157.18,151.83,152.55,157.01101655192338,137.57017980292628,118.12934305392916,63.376499999999986,1230084,1049525.3,62.59733206931132,1.5976560394252957,10.156849292440171,8.559193253014875
2020-10-08T13:30:00Z,154.5,156.24,151.31,155.24,158.21982399737612,139.17652709356935,120.13323018976257,64.0362,1559266,1014410.7,69.47886643211852,1.3594550485281438,10.258512063675056,8.899057015146912
2020-10-09T13:30:00Z,156.91,163.51,154.1,161.55,160.35516670340715,141.21047917597213,122.0657916485371,64.73229999999998,904447,1001135.7,80.62688972959396,1.460448856679827,10.724618085996696,9.264169229316868
2020-10-12T13:30:00Z,168.61,174.42,164.74,166.1,163.08512719909027,143.47316288724738,123.8611985754045,65.44585,1355025,1031153.35,85.66197916719365,1.6531013845904976,11.330545960054991,9.677444575464493
2020-10-13T13:30:00Z,167.4,177.93,167,177,166.4666184195991,146.5210571702249,126.57549592085073,66.20589999999999,1232290,1056029,92.1656998651292,2.294579071263989,12.54566841454448,10.25108934328049
2020-10-14T13:30:00Z,180.47,183.94,169.97,175.35,169.6344284874872,149.1418701547499,128.6493118220126,66.96674999999999,1712196,1094676.65,84.43544757884251,2.377602861173994,13.223092919747984,10.84549005857399
2020-10-15T13:30:00Z,168.14,172.8399,164.08,171.67,171.91410418051814,151.18988195886357,130.465659737209,67.7076,967578,1093777.55,67.57984928381957,1.9712774279750285,13.309586843542775,11.338309415567746
2020-10-16T13:30:00Z,175.23,180.8499,173.0601,173.38,173.9280806282483,153.2071654171487,132.4862502060491,68.46,837388,1087169.4,71.14828607515848,1.6190219006008668,13.36208679131883,11.743064890717964
2020-10-19T13:30:00Z,176.26,184.9899,175,179.24,176.55190956295732,155.57378674286247,134.5956639227676,69.24024999999999,1373309,1109371.9,80.80295823041874,1.5802753859465586,13.718409123151162,12.138133737204603
2020-10-20T13:30:00Z,181.93,183.4609,176.69,178.45,178.35806065550645,157.65344249351133,136.94882433151622,70.01499999999999,341584,1083066.65,76.21843524965713,1.312072171461029,13.77822395153089,12.466151780069861